{"cameraMode":{"drawMode":0,"name":"Shaded","section":"Shading Mode"},"sceneLighting":false,"audioPlay":false,"sceneViewState":{"showFog":true,"showMaterialUpdate":false,"showSkybox":false,"showFlares":true,"showImageEffects":true,"showParticleSystems":true,"showVisualEffectGraphs":true,"m_FxEnabled":false},"in2DMode":false,"pivot":{"x":0.08051413297653198,"y":0.723314642906189,"z":0.03925740718841553},"rotation":{"x":-0.23747223615646363,"y":-0.5832757353782654,"z":0.18350622057914735,"w":-0.7548044323921204},"size":1.6630128622055054,"orthographic":false}