{"cameraMode":{"drawMode":0,"name":"Shaded","section":"Shading Mode"},"sceneLighting":false,"audioPlay":false,"sceneViewState":{"showFog":true,"showMaterialUpdate":false,"showSkybox":false,"showFlares":true,"showImageEffects":true,"showParticleSystems":true,"showVisualEffectGraphs":true,"m_FxEnabled":false},"in2DMode":false,"pivot":{"x":-1.0053642988204957,"y":0.7793108820915222,"z":-0.08620941638946533},"rotation":{"x":0.031119272112846376,"y":-0.9661687612533569,"z":0.1404031217098236,"w":0.21413254737854005},"size":1.7088148593902588,"orthographic":false}