{"cameraMode":{"drawMode":0,"name":"Shaded","section":"Shading Mode"},"sceneLighting":false,"audioPlay":false,"sceneViewState":{"showFog":true,"showMaterialUpdate":false,"showSkybox":false,"showFlares":true,"showImageEffects":true,"showParticleSystems":true,"showVisualEffectGraphs":true,"m_FxEnabled":true},"in2DMode":false,"pivot":{"x":0.08051413297653198,"y":0.723314642906189,"z":0.03925740718841553},"rotation":{"x":-0.04513133317232132,"y":-0.9567825198173523,"z":0.21373002231121064,"w":-0.19207116961479188},"size":1.6630128622055054,"orthographic":false}